{"1": {"accuracy": 0.99625, "recall": 0.9644430121387905, "precision": 0.9623198106445385, "f1-score": 0.9633802415578552}, "2": {"accuracy": 0.996875, "recall": 0.9942061648786011, "precision": 0.9966775817736295, "f1-score": 0.9954403393587304}, "3": {"accuracy": 0.996875, "recall": 0.9976606331940057, "precision": 0.9970825101181583, "f1-score": 0.997371487879308}, "4": {"accuracy": 0.995625, "recall": 0.9954718485332987, "precision": 0.9953533532364671, "f1-score": 0.9954125973584218}, "5": {"accuracy": 0.995, "recall": 0.994914842351561, "precision": 0.9952720065763822, "f1-score": 0.9950933924151508}, "6": {"accuracy": 0.996875, "recall": 0.9961460644754186, "precision": 0.9977155528106, "f1-score": 0.996930190923702}, "7": {"accuracy": 0.99375, "recall": 0.9928827667052136, "precision": 0.993645883679344, "f1-score": 0.9932641786181239}, "8": {"accuracy": 0.991875, "recall": 0.9914110410292158, "precision": 0.9924849298326187, "f1-score": 0.991947694781312}, "9": {"accuracy": 0.993125, "recall": 0.9915513039476757, "precision": 0.9932244696906445, "f1-score": 0.9923871815798981}, "10": {"accuracy": 0.99375, "recall": 0.9907357425047173, "precision": 0.993260207746501, "f1-score": 0.9919963690425029}}