{"1": {"accuracy": 0.776875, "recall": 0.6445796734771617, "precision": 0.6430010009745483, "f1-score": 0.6437893694391679}, "2": {"accuracy": 0.779375, "recall": 0.6879845566980294, "precision": 0.7266230345195275, "f1-score": 0.7067761114730396}, "3": {"accuracy": 0.780625, "recall": 0.6879252185569181, "precision": 0.7019763011336607, "f1-score": 0.694879735776756}, "4": {"accuracy": 0.77, "recall": 0.6975553301836177, "precision": 0.7078511133165702, "f1-score": 0.7026655091187015}, "5": {"accuracy": 0.770625, "recall": 0.6917921558168573, "precision": 0.7059784301065315, "f1-score": 0.6988133031873176}, "6": {"accuracy": 0.75875, "recall": 0.6610059379084577, "precision": 0.6803704939026649, "f1-score": 0.6705484393223592}, "7": {"accuracy": 0.76625, "recall": 0.6778747328658871, "precision": 0.6910304446281441, "f1-score": 0.6843893729907977}, "8": {"accuracy": 0.77125, "recall": 0.683133563763705, "precision": 0.7127571580392181, "f1-score": 0.6976310249279883}, "9": {"accuracy": 0.75625, "recall": 0.6753771884059097, "precision": 0.6916055660613627, "f1-score": 0.6833950482051728}, "10": {"accuracy": 0.778125, "recall": 0.6979377453292929, "precision": 0.7413192382403558, "f1-score": 0.718974698213323}}